Grupo,Indicador,Dimensao,Codigo,Arquivo
CO2 Emission,Annual CO2 Emission (Coal),Coal,815101,\Emissao CO2\Coal.csv
CO2 Emission,Annual CO2 Emission (Gas),Gas,815107,\Emissao CO2\Gas.csv
CO2 Emission,Annual CO2 Emission (Oil),Oil,815113,\Emissao CO2\Oil.csv
Energy Consumption,Primary Consumption (Coal),Coal,737013,\Source\Primary\Coal.csv
Energy Consumption,Primary Consumption (Oil),Oil,737050,\Source\Primary\Oil.csv
Energy Consumption,Primary Consumption (Gas),Gas,737023,\Source\Primary\Gas.csv
Energy Consumption,Primary Consumption (Nuclear),Nuclear,737555,\Source\Primary\Nuclear.csv
Energy Consumption,Primary Consumption (Renewables),Renewables,737566,\Source\Primary\Renewables.csv
Energy Consumption,Primary Consumption (Hydropower),Hydropower,737554,\Source\Primary\Hydropower.csv
Energy Consumption,Primary Consumption (Solar),Solar,737557,\Source\Primary\Solar.csv
Energy Consumption,Primary Consumption (Wind),Wind,737556,\Source\Primary\Wind.csv
